ra,ano,fase_num,idade,genero,instituicao_padrao,ano_previsto,probabilidade_novo_risco,alerta_risco,probabilidade_risco_percentual
RA-1360,2024,0,8,Masculino,Pública,2025,0.8363444894083443,1,83.63
RA-1377,2024,0,8,Masculino,Pública,2025,0.8242471609410816,1,82.42
RA-1346,2024,0,8,Masculino,Pública,2025,0.8238463271985467,1,82.38
RA-1326,2024,0,8,Feminino,Pública,2025,0.8219925858888436,1,82.2
RA-1450,2024,1,9,Masculino,Pública,2025,0.813166144619296,1,81.32
RA-1356,2024,0,8,Feminino,Pública,2025,0.8128560716508406,1,81.29
RA-1358,2024,0,7,Feminino,Pública,2025,0.8123780511373643,1,81.24
RA-1446,2024,1,9,Masculino,Pública,2025,0.8115388485689503,1,81.15
RA-1372,2024,0,8,Feminino,Pública,2025,0.8069330131130922,1,80.69
RA-1359,2024,0,7,Feminino,Pública,2025,0.8042571748725489,1,80.43
RA-1302,2024,0,8,Masculino,Pública,2025,0.8040071032203352,1,80.4
RA-1313,2024,0,8,Masculino,Pública,2025,0.7973922012515294,1,79.74
RA-1307,2024,0,8,Masculino,Pública,2025,0.7808805903925301,1,78.09
RA-1329,2024,0,8,Masculino,Pública,2025,0.777945853538042,1,77.79
RA-1381,2024,0,8,Feminino,Pública,2025,0.77595241490885,1,77.6
RA-1340,2024,0,8,Feminino,Pública,2025,0.7733293141349924,1,77.33
RA-1321,2024,0,7,Masculino,Pública,2025,0.7715925871584055,1,77.16
RA-1363,2024,0,7,Feminino,Pública,2025,0.7686797928175733,1,76.87
RA-1330,2024,0,8,Feminino,Pública,2025,0.7661069223477999,1,76.61
RA-1325,2024,0,8,Masculino,Pública,2025,0.7652286534496697,1,76.52
RA-1367,2024,0,8,Feminino,Pública,2025,0.7632921468948802,1,76.33
RA-1311,2024,0,8,Masculino,Pública,2025,0.7524737744351699,1,75.25
RA-1298,2024,0,8,Masculino,Pública,2025,0.7512661275579746,1,75.13
RA-1389,2024,0,7,Feminino,Pública,2025,0.7501216125840403,1,75.01
RA-1275,2024,0,8,Masculino,Pública,2025,0.7495448922152355,1,74.95
RA-1343,2024,0,7,Feminino,Pública,2025,0.7492653136621441,1,74.93
RA-1391,2024,0,7,Masculino,Pública,2025,0.7489861711435855,1,74.9
RA-1362,2024,0,7,Masculino,Pública,2025,0.7457557184747271,1,74.58
RA-1368,2024,0,8,Masculino,Pública,2025,0.7446160820391707,1,74.46
RA-1327,2024,0,7,Feminino,Pública,2025,0.742425533684579,1,74.24
RA-1383,2024,0,8,Feminino,Pública,2025,0.7418637558465281,1,74.19
RA-1390,2024,0,7,Feminino,Pública,2025,0.737615660710888,1,73.76
RA-1393,2024,0,7,Feminino,Pública,2025,0.7357378761903806,1,73.57
RA-1286,2024,0,7,Masculino,Pública,2025,0.7354426178973199,1,73.54
RA-1309,2024,0,7,Feminino,Pública,2025,0.7344578733103773,1,73.45
RA-1314,2024,0,7,Feminino,Pública,2025,0.7344170021586797,1,73.44
RA-1530,2024,3,13,Masculino,Pública,2025,0.7328205519208467,1,73.28
RA-1322,2024,0,8,Feminino,Pública,2025,0.7326704504367698,1,73.27
RA-1400,2024,1,9,Masculino,Pública,2025,0.7310249211267708,1,73.1
RA-1331,2024,0,7,Feminino,Pública,2025,0.7215870854902623,1,72.16
RA-1277,2024,0,8,Masculino,Pública,2025,0.7215603378392349,1,72.16
RA-1315,2024,0,7,Masculino,Pública,2025,0.7201219220875991,1,72.01
RA-1276,2024,0,8,Feminino,Pública,2025,0.7200085347812388,1,72.0
RA-1344,2024,0,8,Feminino,Pública,2025,0.7120830350656078,1,71.21
RA-1369,2024,0,7,Feminino,Pública,2025,0.7097012191112332,1,70.97
RA-1395,2024,1,9,Feminino,Pública,2025,0.7095596374633366,1,70.96
RA-1595,2024,4,14,Masculino,Pública,2025,0.7088543971155962,1,70.89
RA-1404,2024,1,9,Feminino,Pública,2025,0.7057054226833899,1,70.57
RA-1380,2024,0,8,Masculino,Pública,2025,0.6986851335808328,1,69.87
RA-1288,2024,0,7,Feminino,Pública,2025,0.6979880847892485,1,69.8
RA-1361,2024,0,8,Feminino,Pública,2025,0.6964368537991408,1,69.64
RA-1460,2024,2,12,Masculino,Pública,2025,0.6936185195533052,1,69.36
RA-1497,2024,2,12,Feminino,Pública,2025,0.6910931206552554,1,69.11
RA-684,2024,1,9,Masculino,Privada,2025,0.6859534128314808,1,68.6
RA-1479,2024,2,12,Masculino,Pública,2025,0.6806497604948905,1,68.06
RA-1310,2024,0,7,Feminino,Pública,2025,0.6783651520433124,1,67.84
RA-1285,2024,0,7,Feminino,Pública,2025,0.6666966064604963,1,66.67
RA-1546,2024,3,14,Masculino,Pública,2025,0.6582128982024973,1,65.82
RA-876,2024,1,9,Masculino,Pública,2025,0.6568673627104182,1,65.69
RA-1496,2024,2,12,Feminino,Pública,2025,0.6555605007474086,1,65.56
RA-1552,2024,3,13,Masculino,Pública,2025,0.6549821013512002,1,65.5
RA-1435,2024,1,10,Masculino,Pública,2025,0.6533578291939968,1,65.34
RA-606,2024,2,11,Masculino,Pública,2025,0.6523278428114685,1,65.23
RA-923,2024,1,9,Feminino,Pública,2025,0.6505207800655214,1,65.05
RA-1441,2024,1,9,Masculino,Pública,2025,0.6439549364125615,1,64.4
RA-1015,2024,2,11,Feminino,Pública,2025,0.6434257422491868,1,64.34
RA-1095,2024,3,14,Masculino,Pública,2025,0.6432336615521633,1,64.32
RA-1295,2024,0,8,Feminino,Pública,2025,0.6393285216996607,1,63.93
RA-1181,2024,5,15,Feminino,Pública,2025,0.6348321436508481,1,63.48
RA-982,2024,1,8,Masculino,Pública,2025,0.6331868695344798,1,63.32
RA-980,2024,1,9,Feminino,Pública,2025,0.6328409628199819,1,63.28
RA-1284,2024,0,8,Feminino,Pública,2025,0.6294313974774064,1,62.94
RA-1588,2024,4,14,Feminino,Pública,2025,0.6286164208697635,1,62.86
RA-1478,2024,2,11,Masculino,Pública,2025,0.6258809449793571,1,62.59
RA-1060,2024,2,12,Masculino,Pública,2025,0.6249805409703171,1,62.5
RA-903,2024,1,9,Feminino,Pública,2025,0.624811697792871,1,62.48
RA-1500,2024,2,11,Masculino,Pública,2025,0.624774992064492,1,62.48
RA-1108,2024,3,13,Masculino,Pública,2025,0.6224000185861105,1,62.24
RA-715,2024,2,11,Feminino,Pública,2025,0.62183397720171,1,62.18
RA-1477,2024,2,11,Masculino,Pública,2025,0.6189200231286935,1,61.89
RA-1619,2024,5,15,Masculino,Pública,2025,0.6176814320098527,1,61.77
RA-369,2024,3,13,Masculino,Pública,2025,0.617150247402866,1,61.72
RA-789,2024,1,9,Feminino,Pública,2025,0.6118096252997363,1,61.18
RA-514,2024,2,11,Feminino,Pública,2025,0.6112474834648942,1,61.12
RA-1488,2024,2,11,Feminino,Pública,2025,0.610243914973774,1,61.02
RA-605,2024,3,13,Feminino,Pública,2025,0.6098111899151701,1,60.98
RA-910,2024,1,9,Masculino,Pública,2025,0.6094740004068818,1,60.95
RA-559,2024,3,13,Masculino,Pública,2025,0.6084800836800921,1,60.85
RA-1556,2024,3,14,Masculino,Pública,2025,0.6026006920613176,1,60.26
RA-620,2024,3,14,Masculino,Pública,2025,0.6025576121113538,1,60.26
RA-616,2024,3,14,Masculino,Pública,2025,0.601689847431504,1,60.17
RA-1534,2024,3,13,Feminino,Pública,2025,0.6013224974041296,1,60.13
RA-484,2024,3,13,Masculino,Pública,2025,0.5977105068432464,1,59.77
RA-1506,2024,2,11,Feminino,Pública,2025,0.594199830277237,1,59.42
RA-1625,2024,6,17,Masculino,Pública,2025,0.5906640839289186,1,59.07
RA-1098,2024,3,14,Feminino,Pública,2025,0.5888792349510104,1,58.89
RA-1107,2024,3,13,Feminino,Pública,2025,0.5888574314712074,1,58.89
RA-1099,2024,3,14,Feminino,Pública,2025,0.5887021624698225,1,58.87
RA-608,2024,2,11,Masculino,Pública,2025,0.5862473149561134,1,58.62
RA-1494,2024,2,11,Feminino,Pública,2025,0.5853222288592042,1,58.53
RA-402,2024,4,14,Feminino,Pública,2025,0.5835667769889702,1,58.36
RA-1516,2024,3,13,Feminino,Privada,2025,0.582793003159814,1,58.28
RA-987,2024,1,9,Masculino,Pública,2025,0.582554610488348,1,58.26
RA-1077,2024,3,12,Masculino,Pública,2025,0.5825426110167091,1,58.25
RA-1112,2024,3,13,Masculino,Pública,2025,0.582541827787449,1,58.25
RA-706,2024,2,11,Feminino,Pública,2025,0.5824273891885381,1,58.24
RA-896,2024,1,8,Masculino,Pública,2025,0.5774433653840388,1,57.74
RA-390,2024,3,13,Feminino,Pública,2025,0.5771567052556987,1,57.72
RA-1303,2024,0,8,Feminino,Pública,2025,0.5766877934314846,1,57.67
RA-546,2024,3,13,Feminino,Pública,2025,0.576513159166439,1,57.65
RA-1402,2024,1,10,Feminino,Pública,2025,0.5732590317672892,1,57.33
RA-1087,2024,3,13,Feminino,Pública,2025,0.5719852316601725,1,57.2
RA-638,2024,2,11,Feminino,Pública,2025,0.5718088920863003,1,57.18
RA-984,2024,1,9,Feminino,Pública,2025,0.5717654251013354,1,57.18
RA-493,2024,3,11,Feminino,Pública,2025,0.5700704197276169,1,57.01
RA-821,2024,2,11,Masculino,Pública,2025,0.5687105389008458,1,56.87
RA-854,2024,1,9,Feminino,Pública,2025,0.5655542441686731,1,56.56
RA-1118,2024,3,14,Feminino,Pública,2025,0.5655189917127992,1,56.55
RA-158,2024,5,15,Feminino,Privada - Programa de Apadrinhamento,2025,0.5650469431018824,1,56.5
RA-794,2024,1,10,Feminino,Pública,2025,0.5622487639447906,1,56.22
RA-922,2024,1,9,Feminino,Pública,2025,0.5619113243444135,1,56.19
RA-1405,2024,1,10,Feminino,Pública,2025,0.5613260509684662,1,56.13
RA-1106,2024,3,13,Masculino,Pública,2025,0.5605042923986943,1,56.05
RA-1483,2024,2,11,Masculino,Pública,2025,0.5602984463011625,1,56.03
RA-1501,2024,2,11,Feminino,Pública,2025,0.5587130900104003,1,55.87
RA-556,2024,3,13,Feminino,Pública,2025,0.5581910046225168,1,55.82
RA-542,2024,3,13,Feminino,Pública,2025,0.5581719794016423,1,55.82
RA-1100,2024,3,12,Masculino,Pública,2025,0.5580613203924003,1,55.81
RA-989,2024,1,10,Masculino,Pública,2025,0.55771307003825,1,55.77
RA-636,2024,2,12,Masculino,Pública,2025,0.5564042615998651,1,55.64
RA-178,2024,5,16,Feminino,Privada - Programa de Apadrinhamento,2025,0.5544470713286523,1,55.44
RA-470,2024,4,15,Feminino,Pública,2025,0.5538516284103769,1,55.39
RA-1419,2024,1,10,Feminino,Pública,2025,0.5524948373482288,1,55.25
RA-1519,2024,3,15,Masculino,,2025,0.5514884212034029,1,55.15
RA-1548,2024,3,13,Feminino,Pública,2025,0.550461929582071,1,55.05
RA-236,2024,4,14,Feminino,Pública,2025,0.5497487334579971,1,54.97
RA-892,2024,1,9,Masculino,Pública,2025,0.5487376797704455,1,54.87
RA-1475,2024,2,10,Feminino,Pública,2025,0.5462400150635467,1,54.62
RA-639,2024,3,12,Feminino,Pública,2025,0.5449575692337614,1,54.5
RA-986,2024,1,9,Feminino,Pública,2025,0.5438194248832976,1,54.38
RA-1137,2024,3,11,Feminino,Pública,2025,0.5425814666473096,1,54.26
RA-860,2024,1,9,Masculino,Pública,2025,0.5419661648819262,1,54.2
RA-1526,2024,3,13,Feminino,Pública,2025,0.5388225686552339,1,53.88
RA-1528,2024,3,13,Masculino,Pública,2025,0.5382693998304307,1,53.83
RA-900,2024,1,9,Feminino,Pública,2025,0.5380996176541366,1,53.81
RA-760,2024,3,13,Masculino,Pública,2025,0.536281062138429,1,53.63
RA-927,2024,1,10,Feminino,Pública,2025,0.5351711670968536,1,53.52
RA-633,2024,3,13,Feminino,Pública,2025,0.5325274846326916,1,53.25
RA-859,2024,1,9,Feminino,Pública,2025,0.5312197776507123,1,53.12
RA-1486,2024,2,11,Masculino,Pública,2025,0.5301573571791132,1,53.02
RA-943,2024,1,9,Feminino,Pública,2025,0.52902846463877,1,52.9
RA-1514,2024,2,12,Feminino,Pública,2025,0.5280791409066143,1,52.81
RA-928,2024,1,9,Feminino,Pública,2025,0.5276500459212891,1,52.77
RA-693,2024,1,9,Feminino,Pública,2025,0.527345405590967,1,52.73
RA-584,2024,3,12,Feminino,Pública,2025,0.5252301950614056,1,52.52
RA-807,2024,1,10,Masculino,Pública,2025,0.5247255523597392,1,52.47
RA-352,2024,4,13,Masculino,Pública,2025,0.5239822769454981,1,52.4
RA-1412,2024,1,10,Masculino,Pública,2025,0.5232126546563165,1,52.32
RA-953,2024,1,9,Feminino,Pública,2025,0.5208081445037509,1,52.08
RA-1608,2024,5,15,Masculino,Pública,2025,0.5202203822836071,1,52.02
RA-656,2024,3,13,Feminino,Pública,2025,0.5197278998699948,1,51.97
RA-985,2024,1,9,Masculino,Pública,2025,0.5173862454764008,1,51.74
RA-424,2024,4,14,Feminino,Pública,2025,0.5097643770825964,1,50.98
RA-954,2024,1,9,Feminino,Pública,2025,0.5094200776612008,1,50.94
RA-1141,2024,3,13,Feminino,Pública,2025,0.5077835158186872,1,50.78
RA-698,2024,2,10,Masculino,Pública,2025,0.5061856566548374,1,50.62
RA-777,2024,2,10,Feminino,Pública,2025,0.5004274286305369,1,50.04
RA-1000,2024,1,9,Feminino,Pública,2025,0.49945272565039656,1,49.95
RA-1111,2024,3,12,Feminino,Pública,2025,0.4979959700048841,1,49.8
RA-517,2024,3,14,Feminino,Pública,2025,0.4975426175666884,1,49.75
RA-642,2024,3,12,Feminino,Pública,2025,0.4969396520346328,1,49.69
RA-1414,2024,1,10,Feminino,Pública,2025,0.49612463421160136,1,49.61
RA-1084,2024,3,12,Feminino,Pública,2025,0.48957880315319546,1,48.96
RA-1628,2024,6,16,Feminino,Pública,2025,0.48801227371109174,1,48.8
RA-603,2024,3,12,Masculino,Pública,2025,0.4868525022342501,1,48.69
RA-1512,2024,2,10,Feminino,Pública,2025,0.4865987279701351,1,48.66
RA-871,2024,1,10,Masculino,Pública,2025,0.48296626970253165,1,48.3
RA-461,2024,3,13,Feminino,Pública,2025,0.4801568225945456,1,48.02
RA-1130,2024,3,12,Masculino,Pública,2025,0.4787206009772296,0,47.87
RA-408,2024,3,14,Feminino,Pública,2025,0.47618543851955475,0,47.62
RA-899,2024,1,9,Masculino,Pública,2025,0.4753480281599487,0,47.53
RA-1139,2024,3,12,Masculino,Pública,2025,0.47382861895808465,0,47.38
RA-1492,2024,2,9,Masculino,Pública,2025,0.47152426515713414,0,47.15
RA-1474,2024,2,11,Feminino,Pública,2025,0.47139549035271106,0,47.14
RA-658,2024,3,12,Feminino,Pública,2025,0.4710886445949683,0,47.11
RA-445,2024,3,14,Masculino,Pública,2025,0.4700594846563299,0,47.01
RA-1017,2024,2,12,Masculino,Pública,2025,0.467666919010265,0,46.77
RA-363,2024,3,14,Masculino,Privada,2025,0.4645625571613218,0,46.46
RA-407,2024,4,15,Masculino,Pública,2025,0.46329174580332794,0,46.33
RA-1555,2024,3,13,Masculino,Pública,2025,0.4632740014878605,0,46.33
RA-1019,2024,1,9,Feminino,Pública,2025,0.46310236680396577,0,46.31
RA-356,2024,4,14,Masculino,Pública,2025,0.46005600848277173,0,46.01
RA-246,2024,7,15,Masculino,Privada *Parcerias com Bolsa 100%,2025,0.45856248126285315,0,45.86
RA-499,2024,2,12,Masculino,Pública,2025,0.45855761410576096,0,45.86
RA-1509,2024,2,11,Masculino,Pública,2025,0.45568490671827894,0,45.57
RA-1553,2024,3,13,Masculino,Pública,2025,0.45535165758365337,0,45.54
RA-270,2024,7,15,Feminino,Privada - Programa de Apadrinhamento,2025,0.4542447756938529,0,45.42
RA-480,2024,2,12,Feminino,Pública,2025,0.4534317225537718,0,45.34
RA-662,2024,3,13,Feminino,Pública,2025,0.4524953270611587,0,45.25
RA-1174,2024,5,16,Feminino,Pública,2025,0.4512538666133872,0,45.13
RA-534,2024,3,14,Masculino,Pública,2025,0.4510398551349159,0,45.1
RA-1545,2024,3,12,Feminino,Pública,2025,0.4501204761702345,0,45.01
RA-496,2024,3,13,Masculino,Privada,2025,0.44966221399946793,0,44.97
RA-820,2024,2,11,Masculino,Pública,2025,0.449505938882355,0,44.95
RA-963,2024,1,10,Feminino,Pública,2025,0.44890749946097785,0,44.89
RA-459,2024,4,14,Masculino,Pública,2025,0.44678645784979404,0,44.68
RA-1468,2024,2,12,Feminino,Pública,2025,0.4450078011832572,0,44.5
RA-455,2024,3,14,Feminino,Pública,2025,0.4449247648006443,0,44.49
RA-428,2024,4,14,Masculino,Pública,2025,0.4428897694490882,0,44.29
RA-143,2024,7,15,Masculino,Privada - Programa de Apadrinhamento,2025,0.4427874756734183,0,44.28
RA-631,2024,3,14,Masculino,Pública,2025,0.4427610902986829,0,44.28
RA-782,2024,1,10,Masculino,Pública,2025,0.44079803166215253,0,44.08
RA-952,2024,1,9,Masculino,Pública,2025,0.4398798514369646,0,43.99
RA-597,2024,2,11,Masculino,Pública,2025,0.43983855384506765,0,43.98
RA-1499,2024,2,12,Feminino,Pública,2025,0.43976943127885404,0,43.98
RA-893,2024,1,10,Masculino,Pública,2025,0.43924430772677164,0,43.92
RA-1491,2024,2,12,Masculino,Pública,2025,0.4384886285998598,0,43.85
RA-153,2024,7,16,Feminino,Privada - Programa de Apadrinhamento,2025,0.43758541734186185,0,43.76
RA-626,2024,3,13,Masculino,Pública,2025,0.43753664698709127,0,43.75
RA-1230,2024,7,17,Feminino,Privada - Programa de Apadrinhamento,2025,0.43725247055701394,0,43.73
RA-808,2024,1,10,Masculino,Pública,2025,0.4371099958419111,0,43.71
RA-652,2024,2,11,Feminino,Pública,2025,0.436929109592572,0,43.69
RA-1156,2024,4,13,Feminino,Pública,2025,0.43654518740285847,0,43.65
RA-423,2024,3,14,Feminino,Pública,2025,0.4364510681860256,0,43.65
RA-645,2024,2,12,Feminino,Pública,2025,0.4358101866559066,0,43.58
RA-1227,2024,7,17,Feminino,Privada - Programa de Apadrinhamento,2025,0.43523719047105525,0,43.52
RA-649,2024,3,14,Feminino,Pública,2025,0.43408107780939503,0,43.41
RA-1229,2024,7,17,Feminino,Privada - Programa de Apadrinhamento,2025,0.433408902363091,0,43.34
RA-1228,2024,7,18,Feminino,Privada - Programa de Apadrinhamento,2025,0.4332020527578415,0,43.32
RA-1115,2024,2,12,Feminino,Pública,2025,0.4315144885641016,0,43.15
RA-420,2024,4,13,Feminino,Privada - Programa de Apadrinhamento,2025,0.4296356724981517,0,42.96
RA-853,2024,1,10,Feminino,Pública,2025,0.4283616988632557,0,42.84
RA-840,2024,1,10,Masculino,Pública,2025,0.42666006317188754,0,42.67
RA-799,2024,2,11,Feminino,Pública,2025,0.42573804823669625,0,42.57
RA-508,2024,3,12,Masculino,Pública,2025,0.4244128645641869,0,42.44
RA-258,2024,3,13,Feminino,Pública,2025,0.4237028833576221,0,42.37
RA-624,2024,2,12,Masculino,Pública,2025,0.4220083911833991,0,42.2
RA-632,2024,3,12,Feminino,Pública,2025,0.4169841389668589,0,41.7
RA-667,2024,3,13,Masculino,Pública,2025,0.41626604630727837,0,41.63
RA-247,2024,4,14,Feminino,Pública,2025,0.4140660997072642,0,41.41
RA-340,2024,3,13,Masculino,Pública,2025,0.4133101003639364,0,41.33
RA-518,2024,3,12,Masculino,Pública,2025,0.40974092285763014,0,40.97
RA-664,2024,2,12,Feminino,Pública,2025,0.40856717234811113,0,40.86
RA-1539,2024,3,13,Feminino,Pública,2025,0.4063698216209546,0,40.64
RA-1623,2024,6,17,Masculino,Pública,2025,0.40560037561964524,0,40.56
RA-530,2024,3,12,Masculino,Pública,2025,0.40411488922251193,0,40.41
RA-367,2024,4,13,Feminino,Pública,2025,0.4034443331335609,0,40.34
RA-411,2024,4,14,Feminino,Privada,2025,0.4018210495185662,0,40.18
RA-1117,2024,3,12,Feminino,Pública,2025,0.3996119287614767,0,39.96
RA-1456,2024,2,11,Masculino,Pública,2025,0.39578017681969224,0,39.58
RA-669,2024,3,12,Masculino,Pública,2025,0.3955699639970222,0,39.56
RA-1079,2024,3,13,Masculino,Pública,2025,0.3951760945411915,0,39.52
RA-713,2024,2,11,Masculino,Pública,2025,0.39501674385871377,0,39.5
RA-215,2024,5,15,Feminino,Pública,2025,0.39383457395279564,0,39.38
RA-434,2024,3,13,Masculino,Pública,2025,0.3932208422714308,0,39.32
RA-1522,2024,3,13,Masculino,Pública,2025,0.3912824400618246,0,39.13
RA-696,2024,2,10,Feminino,Pública,2025,0.39114366373182013,0,39.11
RA-629,2024,2,11,Feminino,Pública,2025,0.3907642540197799,0,39.08
RA-1162,2024,4,14,Feminino,Pública,2025,0.3900645453868817,0,39.01
RA-433,2024,3,14,Masculino,Pública,2025,0.3896038494473332,0,38.96
RA-40,2024,7,18,Feminino,Privada - Programa de Apadrinhamento,2025,0.3889080720466569,0,38.89
RA-1122,2024,3,12,Masculino,Pública,2025,0.3859142267878406,0,38.59
RA-594,2024,2,12,Masculino,Pública,2025,0.3851007004888942,0,38.51
RA-476,2024,3,14,Feminino,Pública,2025,0.3828989095187788,0,38.29
RA-958,2024,1,9,Feminino,Pública,2025,0.38234046969766095,0,38.23
RA-1020,2024,1,10,Feminino,Pública,2025,0.3813153375101788,0,38.13
RA-1073,2024,3,13,Feminino,Pública,2025,0.3809693181233382,0,38.1
RA-389,2024,3,13,Masculino,Pública,2025,0.37865653201417315,0,37.87
RA-1535,2024,3,13,Feminino,Pública,2025,0.37808778171062696,0,37.81
RA-1140,2024,2,12,Feminino,Pública,2025,0.37612899535047134,0,37.61
RA-573,2024,3,13,Masculino,Pública,2025,0.37539799014554315,0,37.54
RA-527,2024,2,11,Feminino,Pública,2025,0.3742141047115615,0,37.42
RA-1602,2024,5,15,Feminino,Pública,2025,0.372819346817199,0,37.28
RA-414,2024,3,14,Feminino,Pública,2025,0.3726483780110596,0,37.26
RA-764,2024,2,10,Masculino,Privada,2025,0.37077973065283787,0,37.08
RA-727,2024,1,10,Masculino,Pública,2025,0.36824263227067056,0,36.82
RA-1114,2024,3,12,Feminino,Pública,2025,0.36810858480690084,0,36.81
RA-395,2024,4,13,Feminino,Pública,2025,0.36653092357480765,0,36.65
RA-1508,2024,2,10,Feminino,Pública,2025,0.3645371569448346,0,36.45
RA-1129,2024,3,12,Masculino,Pública,2025,0.36401174808811204,0,36.4
RA-1133,2024,3,11,Feminino,Pública,2025,0.36329809200051805,0,36.33
RA-1466,2024,2,12,Masculino,Pública,2025,0.3618317055085156,0,36.18
RA-469,2024,3,13,Feminino,Pública,2025,0.36139636858143387,0,36.14
RA-1090,2024,3,14,Masculino,Pública,2025,0.361251119384656,0,36.13
RA-161,2024,5,15,Feminino,Privada - Programa de Apadrinhamento,2025,0.35962146096686914,0,35.96
RA-401,2024,3,14,Feminino,Pública,2025,0.3583427759508566,0,35.83
RA-788,2024,2,10,Masculino,Privada - Programa de Apadrinhamento,2025,0.3572206447434811,0,35.72
RA-1044,2024,2,11,Feminino,Pública,2025,0.35565227334567007,0,35.57
RA-377,2024,4,14,Feminino,Pública,2025,0.3553307391114322,0,35.53
RA-630,2024,2,11,Masculino,Pública,2025,0.35480152686637095,0,35.48
RA-1027,2024,2,11,Feminino,Pública,2025,0.35390057721578794,0,35.39
RA-1525,2024,3,13,Masculino,Pública,2025,0.35288874530915776,0,35.29
RA-583,2024,3,14,Feminino,Pública,2025,0.3513058213974965,0,35.13
RA-181,2024,5,15,Feminino,Privada - Programa de Apadrinhamento,2025,0.348420161210301,0,34.84
RA-471,2024,4,14,Feminino,Pública,2025,0.3441885468224636,0,34.42
RA-746,2024,2,10,Masculino,Pública,2025,0.34033950562085924,0,34.03
RA-1103,2024,2,11,Masculino,Pública,2025,0.3400610888716698,0,34.01
RA-548,2024,3,13,Masculino,Pública,2025,0.3376634378498554,0,33.77
RA-319,2024,5,15,Masculino,Pública,2025,0.33737833986357557,0,33.74
RA-814,2024,2,11,Masculino,Pública,2025,0.33724152124632617,0,33.72
RA-404,2024,3,14,Feminino,Pública,2025,0.33447295949994216,0,33.45
RA-1076,2024,3,13,Feminino,Pública,2025,0.33405230781140627,0,33.41
RA-1452,2024,2,12,Masculino,Pública,2025,0.3327483837462281,0,33.27
RA-1511,2024,2,11,Feminino,Pública,2025,0.3312687979930963,0,33.13
RA-1557,2024,3,14,Feminino,Pública,2025,0.33008221898653056,0,33.01
RA-1615,2024,5,15,Feminino,Pública,2025,0.3289789200877684,0,32.9
RA-1134,2024,3,12,Masculino,Pública,2025,0.32886420601966826,0,32.89
RA-547,2024,3,13,Feminino,Pública,2025,0.3280762739876079,0,32.81
RA-359,2024,4,14,Feminino,Pública,2025,0.32665642643548193,0,32.67
RA-1089,2024,3,12,Feminino,Pública,2025,0.32431313463831124,0,32.43
RA-536,2024,3,11,Feminino,Pública,2025,0.32377890254214925,0,32.38
RA-607,2024,2,12,Masculino,Pública,2025,0.32311983523183196,0,32.31
RA-1578,2024,4,13,Feminino,Pública,2025,0.32219322998606365,0,32.22
RA-855,2024,2,10,Feminino,Pública,2025,0.32083333251172125,0,32.08
RA-1038,2024,2,11,Feminino,Pública,2025,0.3200822434730358,0,32.01
RA-521,2024,2,11,Masculino,Privada,2025,0.31726927033053154,0,31.73
RA-442,2024,4,13,Feminino,Pública,2025,0.31696121005854827,0,31.7
RA-1069,2024,2,12,Masculino,Pública,2025,0.31637230235637614,0,31.64
RA-837,2024,2,10,Masculino,Pública,2025,0.3118472340929164,0,31.18
RA-1048,2024,2,11,Feminino,Privada,2025,0.31015336552595263,0,31.02
RA-778,2024,2,11,Feminino,Pública,2025,0.3089898799941652,0,30.9
RA-490,2024,3,12,Feminino,Privada,2025,0.30890322556587724,0,30.89
RA-802,2024,2,11,Masculino,Pública,2025,0.30839228999317464,0,30.84
RA-1066,2024,2,11,Feminino,Pública,2025,0.3067107179866987,0,30.67
RA-686,2024,2,11,Feminino,Pública,2025,0.3058610364205456,0,30.59
RA-1467,2024,2,12,Masculino,Pública,2025,0.3039122636287446,0,30.39
RA-1454,2024,2,10,Feminino,Pública,2025,0.3036384809731075,0,30.36
RA-509,2024,3,13,Feminino,Pública,2025,0.30352995741416616,0,30.35
RA-1510,2024,2,11,Feminino,Pública,2025,0.30328631107172427,0,30.33
RA-604,2024,3,12,Feminino,Pública,2025,0.30109333169675223,0,30.11
RA-600,2024,2,11,Feminino,Pública,2025,0.29888121812758184,0,29.89
RA-227,2024,3,13,Masculino,Pública,2025,0.2984915102821206,0,29.85
RA-1463,2024,2,12,Masculino,Pública,2025,0.29819007359017313,0,29.82
RA-336,2024,4,15,Masculino,Pública,2025,0.29546895857927263,0,29.55
RA-832,2024,2,11,Masculino,Pública,2025,0.294898270756062,0,29.49
RA-1523,2024,3,11,Masculino,Pública,2025,0.2892381682098284,0,28.92
RA-1527,2024,3,13,Masculino,Pública,2025,0.28484867355606946,0,28.48
RA-398,2024,3,12,Feminino,Pública,2025,0.28191892905905186,0,28.19
RA-1541,2024,3,13,Masculino,Pública,2025,0.2816756655677816,0,28.17
RA-1476,2024,2,11,Feminino,Pública,2025,0.28102699586455365,0,28.1
RA-528,2024,3,13,Masculino,Pública,2025,0.27594217905111607,0,27.59
RA-1598,2024,5,15,Feminino,Pública,2025,0.2720594938350442,0,27.21
RA-687,2024,2,11,Masculino,Pública,2025,0.2715372223695424,0,27.15
RA-1036,2024,2,12,Feminino,Pública,2025,0.26890952218472647,0,26.89
RA-308,2024,5,15,Masculino,Pública,2025,0.2670813125066841,0,26.71
RA-220,2024,5,15,Feminino,Pública,2025,0.2642894575456827,0,26.43
RA-1034,2024,2,11,Masculino,Pública,2025,0.26381350469880477,0,26.38
RA-637,2024,2,12,Feminino,Pública,2025,0.2596792987236038,0,25.97
RA-653,2024,3,13,Feminino,Pública,2025,0.2581636967155071,0,25.82
RA-375,2024,3,13,Masculino,Pública,2025,0.25586485482560356,0,25.59
RA-535,2024,3,12,Feminino,Pública,2025,0.25508020803431186,0,25.51
RA-539,2024,3,13,Feminino,Privada - Programa de Apadrinhamento,2025,0.2545042741215592,0,25.45
RA-1533,2024,3,14,Feminino,Pública,2025,0.25337082454030735,0,25.34
RA-833,2024,2,11,Masculino,Pública,2025,0.2511572688419614,0,25.12
RA-819,2024,2,10,Masculino,Pública,2025,0.25074362562859287,0,25.07
RA-1127,2024,3,12,Feminino,Pública,2025,0.24941346749271356,0,24.94
RA-1560,2024,4,14,Feminino,Privada,2025,0.24902248866479618,0,24.9
RA-1626,2024,6,16,Feminino,Pública,2025,0.24691707182320716,0,24.69
RA-383,2024,4,13,Masculino,Pública,2025,0.24598501995456978,0,24.6
RA-1102,2024,3,12,Masculino,Pública,2025,0.24411565199906923,0,24.41
RA-1072,2024,3,12,Masculino,Pública,2025,0.23957606289292283,0,23.96
RA-781,2024,2,11,Feminino,Pública,2025,0.23790248562893465,0,23.79
RA-1632,2024,6,16,Masculino,Pública,2025,0.23306408428660916,0,23.31
RA-531,2024,3,12,Masculino,Pública,2025,0.23101319939410547,0,23.1
RA-1538,2024,3,13,Masculino,Pública,2025,0.23066461966950963,0,23.07
RA-688,2024,2,11,Masculino,Pública,2025,0.23041318794644505,0,23.04
RA-106,2024,6,16,Feminino,Privada - Programa de Apadrinhamento,2025,0.22812180873260668,0,22.81
RA-1030,2024,2,12,Masculino,Pública,2025,0.2274692805177241,0,22.75
RA-829,2024,2,10,Feminino,Privada - Programa de Apadrinhamento,2025,0.2273314399783643,0,22.73
RA-409,2024,3,13,Feminino,Pública,2025,0.22620155113168508,0,22.62
RA-1472,2024,2,11,Masculino,Pública,2025,0.2252544605890788,0,22.53
RA-761,2024,2,11,Masculino,Pública,2025,0.22370207283971108,0,22.37
RA-655,2024,3,14,Feminino,Pública,2025,0.22348230158256824,0,22.35
RA-1023,2024,2,10,Feminino,Pública,2025,0.2232355843399803,0,22.32
RA-1210,2024,6,17,Feminino,Pública,2025,0.22120119112101003,0,22.12
RA-92,2024,7,18,Feminino,Privada - Programa de Apadrinhamento,2025,0.22103426543587226,0,22.1
RA-403,2024,3,14,Masculino,Pública,2025,0.22075012452394582,0,22.08
RA-599,2024,3,12,Masculino,Pública,2025,0.21854104700953011,0,21.85
RA-1064,2024,2,11,Masculino,Pública,2025,0.21734060329982544,0,21.73
RA-737,2024,2,11,Feminino,Pública,2025,0.2159859263562983,0,21.6
RA-1142,2024,3,12,Feminino,Pública,2025,0.21530679246893566,0,21.53
RA-657,2024,3,13,Feminino,Pública,2025,0.2152171471328062,0,21.52
RA-1068,2024,2,11,Masculino,Pública,2025,0.20988371889620774,0,20.99
RA-1173,2024,5,15,Masculino,Pública,2025,0.2094783165297944,0,20.95
RA-1630,2024,6,16,Masculino,Privada - Programa de Apadrinhamento,2025,0.20945292585687245,0,20.95
RA-610,2024,3,11,Feminino,Pública,2025,0.20677243042107776,0,20.68
RA-494,2024,3,13,Feminino,Privada,2025,0.20617484027041671,0,20.62
RA-522,2024,2,11,Masculino,Pública,2025,0.20554348350416393,0,20.55
RA-721,2024,2,10,Feminino,Pública,2025,0.20548037278628858,0,20.55
RA-785,2024,2,11,Feminino,Pública,2025,0.20513873189687196,0,20.51
RA-325,2024,3,12,Masculino,Pública,2025,0.2038458115543788,0,20.38
RA-827,2024,2,12,Feminino,Pública,2025,0.2030101628178323,0,20.3
RA-364,2024,3,13,Masculino,Pública,2025,0.20292654169799804,0,20.29
RA-1495,2024,2,11,Feminino,Pública,2025,0.2023466829004366,0,20.23
RA-1165,2024,3,13,Feminino,Pública,2025,0.20201157143931817,0,20.2
RA-365,2024,3,11,Feminino,Pública,2025,0.19886983944104095,0,19.89
RA-501,2024,2,11,Masculino,Privada,2025,0.1979328374169828,0,19.79
RA-816,2024,2,11,Feminino,Privada - Programa de Apadrinhamento,2025,0.19638727379989718,0,19.64
RA-718,2024,2,10,Feminino,Pública,2025,0.19637980256636048,0,19.64
RA-211,2024,5,15,Masculino,Privada - Programa de Apadrinhamento,2025,0.19610326750621615,0,19.61
RA-1059,2024,2,11,Masculino,Pública,2025,0.19565787046198505,0,19.57
RA-1061,2024,2,11,Masculino,Pública,2025,0.19283953036055476,0,19.28
RA-127,2024,5,16,Feminino,Privada - Programa de Apadrinhamento,2025,0.1926210125969227,0,19.26
RA-1065,2024,2,11,Feminino,Pública,2025,0.1920472656338025,0,19.2
RA-562,2024,3,13,Feminino,Pública,2025,0.1871947880820695,0,18.72
RA-467,2024,4,15,Feminino,Pública,2025,0.18604427574946117,0,18.6
RA-730,2024,2,11,Feminino,Pública,2025,0.1841822292022167,0,18.42
RA-86,2024,7,18,Masculino,Privada *Parcerias com Bolsa 100%,2025,0.183624000793257,0,18.36
RA-1177,2024,5,15,Feminino,Pública,2025,0.18358388301670553,0,18.36
RA-1121,2024,3,12,Masculino,Pública,2025,0.18356872819484565,0,18.36
RA-321,2024,5,14,Feminino,Pública,2025,0.1821982239815033,0,18.22
RA-57,2024,7,18,Masculino,Privada - Programa de Apadrinhamento,2025,0.1819471767204254,0,18.19
RA-576,2024,2,12,Feminino,Pública,2025,0.18109641367532286,0,18.11
RA-513,2024,3,11,Masculino,Privada,2025,0.17813562280506698,0,17.81
RA-503,2024,3,12,Masculino,Pública,2025,0.17677939121953498,0,17.68
RA-204,2024,4,15,Feminino,Pública,2025,0.17522923231438692,0,17.52
RA-338,2024,4,14,Masculino,Pública,2025,0.1745565402693569,0,17.46
RA-320,2024,5,15,Feminino,Privada - Programa de Apadrinhamento,2025,0.1745172320430599,0,17.45
RA-346,2024,3,12,Masculino,Pública,2025,0.17181357238321557,0,17.18
RA-1096,2024,3,11,Feminino,Pública,2025,0.17061907765872078,0,17.06
RA-502,2024,2,10,Feminino,Privada - Programa de Apadrinhamento,2025,0.16856838990632608,0,16.86
RA-1093,2024,3,12,Masculino,Pública,2025,0.16828994689358107,0,16.83
RA-291,2024,7,15,Masculino,Privada - Programa de Apadrinhamento,2025,0.16733453754556904,0,16.73
RA-384,2024,4,14,Feminino,Pública,2025,0.1662089872650439,0,16.62
RA-745,2024,2,11,Masculino,Privada - Programa de Apadrinhamento,2025,0.16611491094387093,0,16.61
RA-332,2024,4,15,Masculino,Privada - Programa de Apadrinhamento,2025,0.1648816615581548,0,16.49
RA-588,2024,3,11,Feminino,Privada - Programa de Apadrinhamento,2025,0.1638149750401161,0,16.38
RA-1163,2024,4,15,Masculino,Pública,2025,0.16148607174750734,0,16.15
RA-834,2024,2,11,Masculino,Pública,2025,0.16050948251147365,0,16.05
RA-524,2024,3,13,Masculino,Pública,2025,0.16048101831456493,0,16.05
RA-193,2024,5,14,Masculino,Privada - Programa de Apadrinhamento,2025,0.15986706151754185,0,15.99
RA-421,2024,4,13,Masculino,Pública,2025,0.15976302759517583,0,15.98
RA-80,2024,7,18,Feminino,Privada - Programa de Apadrinhamento,2025,0.15940001298730527,0,15.94
RA-666,2024,3,12,Masculino,Pública,2025,0.1578960146731338,0,15.79
RA-1226,2024,7,17,Feminino,Privada *Parcerias com Bolsa 100%,2025,0.15774506837827504,0,15.77
RA-260,2024,4,15,Feminino,Pública,2025,0.15769452390325112,0,15.77
RA-1131,2024,3,13,Feminino,Privada - Programa de Apadrinhamento,2025,0.15738716927604982,0,15.74
RA-563,2024,3,12,Feminino,Pública,2025,0.15708468505263046,0,15.71
RA-183,2024,4,15,Feminino,Pública,2025,0.15680561108614222,0,15.68
RA-78,2024,7,19,Feminino,Privada - Programa de Apadrinhamento,2025,0.15596767710823228,0,15.6
RA-586,2024,3,11,Feminino,Privada - Programa de Apadrinhamento,2025,0.15594681316635922,0,15.59
RA-191,2024,7,15,Masculino,Privada *Parcerias com Bolsa 100%,2025,0.15541053262117507,0,15.54
RA-592,2024,3,12,Feminino,Privada,2025,0.15467716269576837,0,15.47
RA-186,2024,5,15,Feminino,Privada,2025,0.1534384449659946,0,15.34
RA-316,2024,5,15,Feminino,Privada - Programa de Apadrinhamento,2025,0.15325644155935741,0,15.33
RA-347,2024,4,14,Feminino,Pública,2025,0.15245022008917694,0,15.25
RA-339,2024,4,13,Feminino,Pública,2025,0.1493232892442283,0,14.93
RA-784,2024,2,11,Feminino,Privada - Programa de Apadrinhamento,2025,0.14881146213012078,0,14.88
RA-651,2024,3,12,Feminino,Pública,2025,0.14871093163949137,0,14.87
RA-195,2024,5,15,Feminino,Privada - Programa de Apadrinhamento,2025,0.14819939459790976,0,14.82
RA-1214,2024,7,17,Masculino,Pública,2025,0.14121921681353145,0,14.12
RA-1081,2024,4,15,Feminino,Privada - Programa de Apadrinhamento,2025,0.1407385548461912,0,14.07
RA-299,2024,5,15,Feminino,Privada - Programa de Apadrinhamento,2025,0.14055939643820128,0,14.06
RA-457,2024,4,14,Feminino,Pública,2025,0.13954756502719962,0,13.95
RA-670,2024,3,12,Feminino,Privada - Programa de Apadrinhamento,2025,0.13695296719364428,0,13.7
RA-111,2024,5,15,Feminino,Privada - Programa de Apadrinhamento,2025,0.13559509641239686,0,13.56
RA-301,2024,4,15,Feminino,Pública,2025,0.13516080848299025,0,13.52
RA-279,2024,5,15,Masculino,Privada - Programa de Apadrinhamento,2025,0.13232154456601075,0,13.23
RA-184,2024,5,14,Masculino,Privada - Programa de Apadrinhamento,2025,0.13171254423122986,0,13.17
RA-1094,2024,3,12,Feminino,Pública,2025,0.13093171716328014,0,13.09
RA-602,2024,3,13,Masculino,Pública,2025,0.12992161004314723,0,12.99
RA-456,2024,3,13,Feminino,Pública,2025,0.1298198575000904,0,12.98
RA-269,2024,7,15,Masculino,Privada *Parcerias com Bolsa 100%,2025,0.1271075412814046,0,12.71
RA-241,2024,7,16,Masculino,Privada *Parcerias com Bolsa 100%,2025,0.12701214865689492,0,12.7
RA-189,2024,5,15,Masculino,Privada - Programa de Apadrinhamento,2025,0.12404141386754709,0,12.4
RA-1176,2024,5,14,Masculino,Privada - Programa de Apadrinhamento,2025,0.12396843945279742,0,12.4
RA-119,2024,7,16,Feminino,Privada - Programa de Apadrinhamento,2025,0.12337383613221757,0,12.34
RA-103,2024,5,15,Feminino,Privada - Programa de Apadrinhamento,2025,0.12179582449048217,0,12.18
RA-165,2024,5,16,Feminino,Privada - Programa de Apadrinhamento,2025,0.12158593463664753,0,12.16
RA-1203,2024,6,17,Feminino,Privada - Programa de Apadrinhamento,2025,0.1214610282450123,0,12.15
RA-196,2024,5,14,Masculino,Privada - Programa de Apadrinhamento,2025,0.12138289898050261,0,12.14
RA-278,2024,5,14,Masculino,Privada - Programa de Apadrinhamento,2025,0.12137280356688909,0,12.14
RA-412,2024,4,14,Feminino,Pública,2025,0.12130782562353945,0,12.13
RA-52,2024,7,15,Masculino,Privada *Parcerias com Bolsa 100%,2025,0.11993163805758635,0,11.99
RA-179,2024,4,13,Masculino,Privada,2025,0.11741785222487226,0,11.74
RA-500,2024,3,12,Feminino,Privada - Programa de Apadrinhamento,2025,0.11740887374013348,0,11.74
RA-277,2024,7,16,Masculino,Privada *Parcerias com Bolsa 100%,2025,0.11589565489634865,0,11.59
RA-176,2024,5,15,Feminino,Privada - Programa de Apadrinhamento,2025,0.11588425693775468,0,11.59
RA-110,2024,5,16,Masculino,Privada - Programa de Apadrinhamento,2025,0.11535043651347587,0,11.54
RA-516,2024,3,11,Masculino,Privada - Programa de Apadrinhamento,2025,0.11466465010962726,0,11.47
RA-417,2024,4,14,Feminino,Pública,2025,0.1141001152209051,0,11.41
RA-56,2024,7,17,Feminino,Privada - Programa de Apadrinhamento,2025,0.11269154462656689,0,11.27
RA-612,2024,2,12,Feminino,Privada - Programa de Apadrinhamento,2025,0.11266537189407999,0,11.27
RA-48,2024,7,17,Feminino,Privada - Programa de Apadrinhamento,2025,0.1120784430932388,0,11.21
RA-280,2024,5,15,Feminino,Privada - Programa de Apadrinhamento,2025,0.1117339109001912,0,11.17
RA-229,2024,5,14,Masculino,Privada - Programa de Apadrinhamento,2025,0.11088983674540089,0,11.09
RA-1151,2024,4,13,Feminino,Pública,2025,0.11050797151541383,0,11.05
RA-487,2024,3,12,Feminino,Privada - Programa de Apadrinhamento,2025,0.11046625822118218,0,11.05
RA-93,2024,7,17,Feminino,Privada - Programa de Apadrinhamento,2025,0.10949918781033795,0,10.95
RA-112,2024,6,17,Feminino,Privada - Programa de Apadrinhamento,2025,0.10915476481439763,0,10.92
RA-242,2024,7,15,Masculino,Privada *Parcerias com Bolsa 100%,2025,0.10811464066827452,0,10.81
RA-557,2024,3,12,Masculino,Privada - Programa de Apadrinhamento,2025,0.10689030615259441,0,10.69
RA-81,2024,6,16,Feminino,Privada - Programa de Apadrinhamento,2025,0.10673162287174053,0,10.67
RA-172,2024,7,16,Feminino,Privada - Programa de Apadrinhamento,2025,0.10463679053211743,0,10.46
RA-197,2024,5,14,Feminino,Privada - Programa de Apadrinhamento,2025,0.10441383017865002,0,10.44
RA-180,2024,5,14,Masculino,Privada - Programa de Apadrinhamento,2025,0.10305198973334355,0,10.31
RA-416,2024,4,14,Masculino,Privada - Programa de Apadrinhamento,2025,0.10276930130110842,0,10.28
RA-98,2024,7,16,Feminino,Privada *Parcerias com Bolsa 100%,2025,0.10251103319924723,0,10.25
RA-90,2024,7,15,Feminino,Privada *Parcerias com Bolsa 100%,2025,0.1019458328928978,0,10.19
RA-419,2024,4,14,Feminino,Privada - Programa de Apadrinhamento,2025,0.1006333245194368,0,10.06
RA-245,2024,7,16,Masculino,Privada - Programa de Apadrinhamento,2025,0.10024832991542655,0,10.02
RA-132,2024,6,16,Feminino,Privada - Programa de Apadrinhamento,2025,0.09875806839398509,0,9.88
RA-76,2024,7,16,Feminino,Privada *Parcerias com Bolsa 100%,2025,0.09838678818938565,0,9.84
RA-418,2024,4,12,Feminino,Privada - Programa de Apadrinhamento,2025,0.0983216253368367,0,9.83
RA-187,2024,4,14,Feminino,Privada - Programa de Apadrinhamento,2025,0.09799495230560379,0,9.8
RA-543,2024,3,12,Feminino,Pública,2025,0.09767671210237293,0,9.77
RA-250,2024,4,14,Feminino,Privada - Programa de Apadrinhamento,2025,0.09752026829896747,0,9.75
RA-274,2024,5,13,Feminino,Privada - Programa de Apadrinhamento,2025,0.09685253816932013,0,9.69
RA-157,2024,5,14,Feminino,Privada - Programa de Apadrinhamento,2025,0.09577570019555556,0,9.58
RA-58,2024,7,17,Masculino,Privada - Programa de Apadrinhamento,2025,0.09370138019498138,0,9.37
RA-87,2024,7,17,Masculino,Privada - Programa de Apadrinhamento,2025,0.0931227368807132,0,9.31
RA-244,2024,5,14,Feminino,Privada - Programa de Apadrinhamento,2025,0.09248409101866063,0,9.25
RA-326,2024,4,14,Feminino,Privada,2025,0.09060277969696529,0,9.06
RA-45,2024,7,17,Feminino,Privada - Programa de Apadrinhamento,2025,0.09055559338121337,0,9.06
RA-166,2024,7,16,Masculino,Privada *Parcerias com Bolsa 100%,2025,0.08989443227159337,0,8.99
RA-425,2024,4,14,Masculino,Pública,2025,0.08872257886424255,0,8.87
RA-94,2024,6,17,Feminino,Privada - Programa de Apadrinhamento,2025,0.08727705479573676,0,8.73
RA-64,2024,7,18,Feminino,Privada - Programa de Apadrinhamento,2025,0.0863176595010035,0,8.63
RA-479,2024,3,12,Masculino,Privada - Programa de Apadrinhamento,2025,0.05598731356399169,0,5.6
RA-578,2024,3,12,Masculino,Privada - Programa de Apadrinhamento,2025,0.05280154067720305,0,5.28
